<title>Tesla Q3: Assessing Elon Musk's Execution Ability Objectively</title>,"<pubdate>Thu, 20 Oct 2022 22:47:55 -0400</pubdate>"
"<title>Tesla: Q3 Revenue Miss, But The Long-Term Story Is Spectacular</title>","<pubdate>Thu, 20 Oct 2022 13:44:47 -0400</pubdate>"
"<title>Tesla Q3: Mixed Quarter, Musk Pumps, Mr. Market Dumps</title>","<pubdate>Thu, 20 Oct 2022 12:15:00 -0400</pubdate>"
<title>Tesla: Buy The Dip - A Contrarian View On Q3</title>,"<pubdate>Thu, 20 Oct 2022 11:21:14 -0400</pubdate>"
<title>Tesla is sliding but Chinese electric vehicle stocks are attempting comeback bids</title>,"<pubdate>Thu, 20 Oct 2022 09:57:35 -0400</pubdate>"
"<title>5 stocks to watch for Thursday: Tesla, IBM, Allstate and more</title>","<pubdate>Thu, 20 Oct 2022 08:33:37 -0400</pubdate>"
<title>Tesla impresses analysts by navigating through tricky environment</title>,"<pubdate>Thu, 20 Oct 2022 07:07:02 -0400</pubdate>"
<title>Elon Musk says Tesla could be worth ‘more than Apple and Saudi Aramco combined’</title>,"<pubdate>Thu, 20 Oct 2022 05:11:32 -0400</pubdate>"
"<title>Tesla: Q3 2022 Results Underscore Demand Risks, Valuation Cracking</title>","<pubdate>Thu, 20 Oct 2022 00:58:53 -0400</pubdate>"
<title>Tesla: Q3 Results Fall Short</title>,"<pubdate>Wed, 19 Oct 2022 23:55:08 -0400</pubdate>"
<title>Tesla: Cautious In The Near Term As Stock Is At Fair Value</title>,"<pubdate>Wed, 19 Oct 2022 22:18:14 -0400</pubdate>"
"<title>Tesla, Inc. (TSLA) Q3 2022 Earnings Call Transcript</title>","<pubdate>Wed, 19 Oct 2022 22:14:04 -0400</pubdate>"
<title>Tesla CEO Musk says he and other investors `obviously overpaying' for Twitter</title>,"<pubdate>Wed, 19 Oct 2022 21:52:40 -0400</pubdate>"
"<title>Tesla Non-GAAP EPS of $1.05 beats by $0.04, revenue of $21.45B misses by $510M</title>","<pubdate>Wed, 19 Oct 2022 16:50:33 -0400</pubdate>"
"<title>Tesla skids lower as logistical slowdowns, FX factor into light revenue tally</title>","<pubdate>Wed, 19 Oct 2022 16:26:55 -0400</pubdate>"
<title>How Large Might The Tesla Full Self Driving Liability Be?</title>,"<pubdate>Wed, 19 Oct 2022 16:23:54 -0400</pubdate>"
<title>Tesla's Q3 Earnings Preview - Stock Could Be Hit Hard</title>,"<pubdate>Wed, 19 Oct 2022 13:50:00 -0400</pubdate>"
<title>How Tesla's Outrageous Valuation Could Destroy All Zombie Stocks</title>,"<pubdate>Tue, 18 Oct 2022 14:28:16 -0400</pubdate>"
"<title>Tesla earnings are on tap: Expect volatility with all eyes on margins, deliveries guidance and Gigafactory updates</title>","<pubdate>Tue, 18 Oct 2022 14:00:48 -0400</pubdate>"
<title>Tesla: Looking For Good Q3 Show</title>,"<pubdate>Mon, 17 Oct 2022 23:20:18 -0400</pubdate>"
<title>Tesla: Don't Be Fooled Into Buying The Dips</title>,"<pubdate>Sat, 15 Oct 2022 08:00:00 -0400</pubdate>"
"<title>Stocks To Watch: Earnings Blitz Includes Netflix, Tesla, Johnson &amp; Johnson, Goldman Sachs, And Philip Morris</title>","<pubdate>Sat, 15 Oct 2022 07:00:00 -0400</pubdate>"
"<title>Earnings week ahead: Tesla, Netflix, Johnson &amp; Johnson, AT&amp;T and more</title>","<pubdate>Fri, 14 Oct 2022 13:10:04 -0400</pubdate>"
<title>Elon Musk's Russia Involvement Could Pose An ESG Risk To Investors</title>,"<pubdate>Fri, 14 Oct 2022 00:38:42 -0400</pubdate>"
"<title>Twitter claims Musk is ‘under investigation’ over merger deal, and it wants the documents</title>","<pubdate>Thu, 13 Oct 2022 22:59:45 -0400</pubdate>"
<title>Cracks Appear In Tesla's Growth Story</title>,"<pubdate>Wed, 12 Oct 2022 14:41:35 -0400</pubdate>"
<title>Tesla Q3: Watch Out For $175 Entry Opportunity</title>,"<pubdate>Tue, 11 Oct 2022 17:04:17 -0400</pubdate>"
<title>Tesla receives tax exemption from Chinese authorities</title>,"<pubdate>Tue, 11 Oct 2022 09:59:56 -0400</pubdate>"
<title>Tesla's Mass Market Optimus Robot Could Change Humanity Forever</title>,"<pubdate>Tue, 11 Oct 2022 03:19:23 -0400</pubdate>"
<title>Tesla Is A Bargain With Optimus And Recent Events</title>,"<pubdate>Tue, 11 Oct 2022 02:22:28 -0400</pubdate>"
